1870815346520;ROMANA;8;20151114;5ME
1870815346520;ROMANA;2;20151019;5ME
1870815346520;ROMANA;4;20151118;5ME
1870815346520;ROMANA;7;20151122;5ME
1870815346520;ROMANA;6;20151211;5ME
1870815346520;MATEMATICA;5;20151020;5ME
1870815346520;MATEMATICA;6;20150901;5ME
1870815346520;MATEMATICA;1;20151030;5ME
1870815346520;MATEMATICA;1;20151205;5ME
1870815346520;MATEMATICA;2;20150917;5ME
1870815346520;ISTORIE;2;20151014;5ME
1870815346520;ISTORIE;7;20151024;5ME
1870815346520;ISTORIE;1;20150821;5ME
1870815346520;ISTORIE;9;20150801;5ME
1870815346520;ISTORIE;6;20151129;5ME
1870815346520;GEOGRAFIE;2;20151209;5ME
1870815346520;GEOGRAFIE;6;20151011;5ME
1870815346520;GEOGRAFIE;9;20151223;5ME
1870815346520;GEOGRAFIE;6;20151005;5ME
1870815346520;GEOGRAFIE;2;20150915;5ME
2450424521487;ROMANA;10;20151229;5ME
2450424521487;ROMANA;10;20151026;5ME
2450424521487;ROMANA;9;20150817;5ME
2450424521487;ROMANA;8;20150823;5ME
2450424521487;ROMANA;8;20150804;5ME
2450424521487;MATEMATICA;4;20151014;5ME
2450424521487;MATEMATICA;8;20150821;5ME
2450424521487;MATEMATICA;10;20151227;5ME
2450424521487;MATEMATICA;9;20151206;5ME
2450424521487;MATEMATICA;6;20150917;5ME
2450424521487;ISTORIE;10;20151016;5ME
2450424521487;ISTORIE;10;20150829;5ME
2450424521487;ISTORIE;8;20151016;5ME
2450424521487;ISTORIE;8;20151231;5ME
2450424521487;ISTORIE;1;20151211;5ME
2450424521487;GEOGRAFIE;6;20151016;5ME
2450424521487;GEOGRAFIE;2;20150910;5ME
2450424521487;GEOGRAFIE;5;20150831;5ME
2450424521487;GEOGRAFIE;7;20151008;5ME
2450424521487;GEOGRAFIE;6;20150901;5ME
1950308266293;ROMANA;9;20150927;5ME
1950308266293;ROMANA;3;20150919;5ME
1950308266293;ROMANA;6;20151225;5ME
1950308266293;ROMANA;6;20151021;5ME
1950308266293;ROMANA;9;20150818;5ME
1950308266293;MATEMATICA;10;20151111;5ME
1950308266293;MATEMATICA;8;20151008;5ME
1950308266293;MATEMATICA;5;20150829;5ME
1950308266293;MATEMATICA;8;20150812;5ME
1950308266293;MATEMATICA;4;20151206;5ME
1950308266293;ISTORIE;4;20150921;5ME
1950308266293;ISTORIE;2;20151225;5ME
1950308266293;ISTORIE;10;20151109;5ME
1950308266293;ISTORIE;2;20150917;5ME
1950308266293;ISTORIE;7;20150929;5ME
1950308266293;GEOGRAFIE;9;20151020;5ME
1950308266293;GEOGRAFIE;1;20151011;5ME
1950308266293;GEOGRAFIE;5;20151025;5ME
1950308266293;GEOGRAFIE;10;20151105;5ME
1950308266293;GEOGRAFIE;2;20151017;5ME
2461203018701;ROMANA;3;20151005;5ME
2461203018701;ROMANA;6;20151012;5ME
2461203018701;ROMANA;1;20151128;5ME
2461203018701;ROMANA;1;20150823;5ME
2461203018701;ROMANA;1;20151226;5ME
2461203018701;MATEMATICA;2;20151022;5ME
2461203018701;MATEMATICA;9;20151123;5ME
2461203018701;MATEMATICA;6;20151027;5ME
2461203018701;MATEMATICA;5;20151219;5ME
2461203018701;MATEMATICA;4;20150819;5ME
2461203018701;ISTORIE;5;20151104;5ME
2461203018701;ISTORIE;10;20150917;5ME
2461203018701;ISTORIE;9;20150801;5ME
2461203018701;ISTORIE;9;20151006;5ME
2461203018701;ISTORIE;10;20151104;5ME
2461203018701;GEOGRAFIE;6;20151216;5ME
2461203018701;GEOGRAFIE;6;20151027;5ME
2461203018701;GEOGRAFIE;10;20151105;5ME
2461203018701;GEOGRAFIE;3;20150922;5ME
2461203018701;GEOGRAFIE;4;20151229;5ME
6110409178891;ROMANA;6;20150912;5ME
6110409178891;ROMANA;10;20151104;5ME
6110409178891;ROMANA;6;20151102;5ME
6110409178891;ROMANA;10;20151216;5ME
6110409178891;ROMANA;4;20150922;5ME
6110409178891;MATEMATICA;1;20151108;5ME
6110409178891;MATEMATICA;1;20151020;5ME
6110409178891;MATEMATICA;10;20150825;5ME
6110409178891;MATEMATICA;9;20150926;5ME
6110409178891;MATEMATICA;2;20151029;5ME
6110409178891;ISTORIE;10;20150912;5ME
6110409178891;ISTORIE;1;20151230;5ME
6110409178891;ISTORIE;3;20150826;5ME
6110409178891;ISTORIE;4;20151113;5ME
6110409178891;ISTORIE;7;20151103;5ME
6110409178891;GEOGRAFIE;1;20151115;5ME
6110409178891;GEOGRAFIE;10;20150815;5ME
6110409178891;GEOGRAFIE;1;20150908;5ME
6110409178891;GEOGRAFIE;5;20151125;5ME
6110409178891;GEOGRAFIE;9;20151211;5ME
6120516316532;ROMANA;4;20150914;5ME
6120516316532;ROMANA;6;20151107;5ME
6120516316532;ROMANA;9;20151013;5ME
6120516316532;ROMANA;6;20151229;5ME
6120516316532;ROMANA;1;20150911;5ME
6120516316532;MATEMATICA;2;20150818;5ME
6120516316532;MATEMATICA;1;20150903;5ME
6120516316532;MATEMATICA;10;20150914;5ME
6120516316532;MATEMATICA;4;20151202;5ME
6120516316532;MATEMATICA;1;20151028;5ME
6120516316532;ISTORIE;5;20151209;5ME
6120516316532;ISTORIE;8;20151212;5ME
6120516316532;ISTORIE;2;20151128;5ME
6120516316532;ISTORIE;7;20150914;5ME
6120516316532;ISTORIE;5;20151203;5ME
6120516316532;GEOGRAFIE;5;20151026;5ME
6120516316532;GEOGRAFIE;6;20150911;5ME
6120516316532;GEOGRAFIE;7;20150805;5ME
6120516316532;GEOGRAFIE;4;20151027;5ME
6120516316532;GEOGRAFIE;10;20151006;5ME
1560617171074;ROMANA;8;20151215;5ME
1560617171074;ROMANA;10;20150919;5ME
1560617171074;ROMANA;10;20151002;5ME
1560617171074;ROMANA;6;20151001;5ME
1560617171074;ROMANA;5;20151129;5ME
1560617171074;MATEMATICA;3;20151110;5ME
1560617171074;MATEMATICA;2;20151227;5ME
1560617171074;MATEMATICA;4;20150818;5ME
1560617171074;MATEMATICA;2;20150818;5ME
1560617171074;MATEMATICA;6;20150910;5ME
1560617171074;ISTORIE;2;20151222;5ME
1560617171074;ISTORIE;5;20151107;5ME
1560617171074;ISTORIE;8;20151013;5ME
1560617171074;ISTORIE;1;20151005;5ME
1560617171074;ISTORIE;3;20151203;5ME
1560617171074;GEOGRAFIE;9;20151111;5ME
1560617171074;GEOGRAFIE;10;20151027;5ME
1560617171074;GEOGRAFIE;8;20151229;5ME
1560617171074;GEOGRAFIE;2;20151117;5ME
1560617171074;GEOGRAFIE;3;20150810;5ME
2640211220899;ROMANA;1;20151205;5ME
2640211220899;ROMANA;2;20151108;5ME
2640211220899;ROMANA;6;20150902;5ME
2640211220899;ROMANA;8;20151030;5ME
2640211220899;ROMANA;2;20151030;5ME
2640211220899;MATEMATICA;4;20150826;5ME
2640211220899;MATEMATICA;2;20150904;5ME
2640211220899;MATEMATICA;10;20151018;5ME
2640211220899;MATEMATICA;8;20151027;5ME
2640211220899;MATEMATICA;2;20150812;5ME
2640211220899;ISTORIE;8;20151002;5ME
2640211220899;ISTORIE;6;20151231;5ME
2640211220899;ISTORIE;6;20150907;5ME
2640211220899;ISTORIE;9;20151130;5ME
2640211220899;ISTORIE;8;20151108;5ME
2640211220899;GEOGRAFIE;8;20150913;5ME
2640211220899;GEOGRAFIE;9;20150919;5ME
2640211220899;GEOGRAFIE;5;20151017;5ME
2640211220899;GEOGRAFIE;9;20150927;5ME
2640211220899;GEOGRAFIE;1;20151003;5ME
5021212047672;ROMANA;1;20151120;5ME
5021212047672;ROMANA;6;20150824;5ME
5021212047672;ROMANA;10;20151130;5ME
5021212047672;ROMANA;7;20151110;5ME
5021212047672;ROMANA;9;20150806;5ME
5021212047672;MATEMATICA;8;20151218;5ME
5021212047672;MATEMATICA;5;20151107;5ME
5021212047672;MATEMATICA;4;20151108;5ME
5021212047672;MATEMATICA;6;20150909;5ME
5021212047672;MATEMATICA;6;20151019;5ME
5021212047672;ISTORIE;6;20150818;5ME
5021212047672;ISTORIE;10;20150803;5ME
5021212047672;ISTORIE;1;20151027;5ME
5021212047672;ISTORIE;8;20150930;5ME
5021212047672;ISTORIE;6;20151008;5ME
5021212047672;GEOGRAFIE;6;20151003;5ME
5021212047672;GEOGRAFIE;9;20150920;5ME
5021212047672;GEOGRAFIE;8;20151025;5ME
5021212047672;GEOGRAFIE;9;20151013;5ME
5021212047672;GEOGRAFIE;10;20151102;5ME
2980225414749;ROMANA;2;20151213;5ME
2980225414749;ROMANA;7;20151020;5ME
2980225414749;ROMANA;8;20151011;5ME
2980225414749;ROMANA;3;20150923;5ME
2980225414749;ROMANA;8;20151012;5ME
2980225414749;MATEMATICA;4;20150930;5ME
2980225414749;MATEMATICA;7;20150918;5ME
2980225414749;MATEMATICA;10;20150821;5ME
2980225414749;MATEMATICA;3;20151130;5ME
2980225414749;MATEMATICA;10;20151221;5ME
2980225414749;ISTORIE;10;20151215;5ME
2980225414749;ISTORIE;6;20150819;5ME
2980225414749;ISTORIE;8;20151020;5ME
2980225414749;ISTORIE;9;20151121;5ME
2980225414749;ISTORIE;9;20150925;5ME
2980225414749;GEOGRAFIE;4;20150929;5ME
2980225414749;GEOGRAFIE;1;20151119;5ME
2980225414749;GEOGRAFIE;1;20151004;5ME
2980225414749;GEOGRAFIE;9;20151209;5ME
2980225414749;GEOGRAFIE;3;20150825;5ME
5001006027549;ROMANA;10;20150821;5ME
5001006027549;ROMANA;9;20151115;5ME
5001006027549;ROMANA;3;20150912;5ME
5001006027549;ROMANA;2;20151107;5ME
5001006027549;ROMANA;8;20151116;5ME
5001006027549;MATEMATICA;3;20151114;5ME
5001006027549;MATEMATICA;9;20151027;5ME
5001006027549;MATEMATICA;9;20150811;5ME
5001006027549;MATEMATICA;1;20151231;5ME
5001006027549;MATEMATICA;6;20150823;5ME
5001006027549;ISTORIE;2;20150929;5ME
5001006027549;ISTORIE;8;20151124;5ME
5001006027549;ISTORIE;9;20151125;5ME
5001006027549;ISTORIE;1;20151101;5ME
5001006027549;ISTORIE;1;20150926;5ME
5001006027549;GEOGRAFIE;1;20150904;5ME
5001006027549;GEOGRAFIE;2;20150922;5ME
5001006027549;GEOGRAFIE;6;20151013;5ME
5001006027549;GEOGRAFIE;8;20151226;5ME
5001006027549;GEOGRAFIE;5;20151220;5ME
2110411233243;ROMANA;7;20151003;5ME
2110411233243;ROMANA;10;20151021;5ME
2110411233243;ROMANA;5;20151115;5ME
2110411233243;ROMANA;4;20151111;5ME
2110411233243;ROMANA;5;20151014;5ME
2110411233243;MATEMATICA;8;20150926;5ME
2110411233243;MATEMATICA;4;20150822;5ME
2110411233243;MATEMATICA;3;20150916;5ME
2110411233243;MATEMATICA;3;20151006;5ME
2110411233243;MATEMATICA;4;20150903;5ME
2110411233243;ISTORIE;8;20151030;5ME
2110411233243;ISTORIE;6;20150806;5ME
2110411233243;ISTORIE;2;20150926;5ME
2110411233243;ISTORIE;4;20151114;5ME
2110411233243;ISTORIE;8;20150902;5ME
2110411233243;GEOGRAFIE;5;20151219;5ME
2110411233243;GEOGRAFIE;9;20150902;5ME
2110411233243;GEOGRAFIE;9;20151201;5ME
2110411233243;GEOGRAFIE;8;20151022;5ME
2110411233243;GEOGRAFIE;10;20151015;5ME
6020311377151;ROMANA;2;20151118;8CPX
6020311377151;ROMANA;2;20150816;8CPX
6020311377151;ROMANA;2;20151226;8CPX
6020311377151;ROMANA;6;20151103;8CPX
6020311377151;ROMANA;5;20151225;8CPX
6020311377151;MATEMATICA;1;20150819;8CPX
6020311377151;MATEMATICA;9;20151208;8CPX
6020311377151;MATEMATICA;8;20151028;8CPX
6020311377151;MATEMATICA;8;20150812;8CPX
6020311377151;MATEMATICA;8;20150814;8CPX
6020311377151;CHIMIE;10;20150912;8CPX
6020311377151;CHIMIE;7;20151222;8CPX
6020311377151;CHIMIE;1;20151210;8CPX
6020311377151;CHIMIE;3;20150920;8CPX
6020311377151;CHIMIE;5;20151218;8CPX
6020311377151;FIZICA;3;20151222;8CPX
6020311377151;FIZICA;2;20150828;8CPX
6020311377151;FIZICA;7;20151021;8CPX
6020311377151;FIZICA;9;20150913;8CPX
6020311377151;FIZICA;5;20151007;8CPX
6031210275981;ROMANA;8;20150901;8CPX
6031210275981;ROMANA;6;20150813;8CPX
6031210275981;ROMANA;8;20151016;8CPX
6031210275981;ROMANA;9;20150819;8CPX
6031210275981;ROMANA;9;20150829;8CPX
6031210275981;MATEMATICA;2;20150802;8CPX
6031210275981;MATEMATICA;8;20150824;8CPX
6031210275981;MATEMATICA;3;20150819;8CPX
6031210275981;MATEMATICA;2;20151108;8CPX
6031210275981;MATEMATICA;3;20151009;8CPX
6031210275981;CHIMIE;2;20151228;8CPX
6031210275981;CHIMIE;6;20151124;8CPX
6031210275981;CHIMIE;10;20150805;8CPX
6031210275981;CHIMIE;6;20151102;8CPX
6031210275981;CHIMIE;4;20150903;8CPX
6031210275981;FIZICA;9;20150924;8CPX
6031210275981;FIZICA;5;20150824;8CPX
6031210275981;FIZICA;9;20150816;8CPX
6031210275981;FIZICA;5;20151210;8CPX
6031210275981;FIZICA;10;20150801;8CPX
5050401074081;ROMANA;7;20151217;8CPX
5050401074081;ROMANA;8;20151211;8CPX
5050401074081;ROMANA;4;20151015;8CPX
5050401074081;ROMANA;9;20151001;8CPX
5050401074081;ROMANA;3;20151012;8CPX
5050401074081;MATEMATICA;10;20150805;8CPX
5050401074081;MATEMATICA;8;20151005;8CPX
5050401074081;MATEMATICA;9;20151225;8CPX
5050401074081;MATEMATICA;4;20150905;8CPX
5050401074081;MATEMATICA;7;20150819;8CPX
5050401074081;CHIMIE;2;20150810;8CPX
5050401074081;CHIMIE;2;20151017;8CPX
5050401074081;CHIMIE;2;20150919;8CPX
5050401074081;CHIMIE;1;20151008;8CPX
5050401074081;CHIMIE;4;20151202;8CPX
5050401074081;FIZICA;9;20151226;8CPX
5050401074081;FIZICA;2;20151128;8CPX
5050401074081;FIZICA;1;20150906;8CPX
5050401074081;FIZICA;1;20150923;8CPX
5050401074081;FIZICA;6;20150804;8CPX
5090107359782;ROMANA;3;20151106;8CPX
5090107359782;ROMANA;9;20151203;8CPX
5090107359782;ROMANA;1;20150805;8CPX
5090107359782;ROMANA;1;20150805;8CPX
5090107359782;ROMANA;4;20150812;8CPX
5090107359782;MATEMATICA;7;20151103;8CPX
5090107359782;MATEMATICA;8;20150929;8CPX
5090107359782;MATEMATICA;8;20151012;8CPX
5090107359782;MATEMATICA;7;20150901;8CPX
5090107359782;MATEMATICA;9;20151007;8CPX
5090107359782;CHIMIE;2;20150806;8CPX
5090107359782;CHIMIE;3;20151120;8CPX
5090107359782;CHIMIE;2;20150911;8CPX
5090107359782;CHIMIE;7;20150801;8CPX
5090107359782;CHIMIE;10;20151210;8CPX
5090107359782;FIZICA;10;20150904;8CPX
5090107359782;FIZICA;4;20150912;8CPX
5090107359782;FIZICA;3;20151009;8CPX
5090107359782;FIZICA;2;20151020;8CPX
5090107359782;FIZICA;9;20151203;8CPX
6071110136411;ROMANA;10;20150818;8CPX
6071110136411;ROMANA;9;20151224;8CPX
6071110136411;ROMANA;8;20150810;8CPX
6071110136411;ROMANA;3;20150917;8CPX
6071110136411;ROMANA;5;20150911;8CPX
6071110136411;MATEMATICA;2;20150928;8CPX
6071110136411;MATEMATICA;7;20151217;8CPX
6071110136411;MATEMATICA;5;20150801;8CPX
6071110136411;MATEMATICA;9;20151229;8CPX
6071110136411;MATEMATICA;4;20150930;8CPX
6071110136411;CHIMIE;2;20150803;8CPX
6071110136411;CHIMIE;7;20150804;8CPX
6071110136411;CHIMIE;2;20150924;8CPX
6071110136411;CHIMIE;7;20150815;8CPX
6071110136411;CHIMIE;2;20150914;8CPX
6071110136411;FIZICA;1;20150918;8CPX
6071110136411;FIZICA;3;20151031;8CPX
6071110136411;FIZICA;2;20151211;8CPX
6071110136411;FIZICA;9;20151023;8CPX
6071110136411;FIZICA;4;20150913;8CPX
6090715312661;ROMANA;4;20150914;8CPX
6090715312661;ROMANA;9;20151214;8CPX
6090715312661;ROMANA;2;20151018;8CPX
6090715312661;ROMANA;5;20150827;8CPX
6090715312661;ROMANA;4;20150820;8CPX
6090715312661;MATEMATICA;5;20151213;8CPX
6090715312661;MATEMATICA;2;20151025;8CPX
6090715312661;MATEMATICA;4;20150826;8CPX
6090715312661;MATEMATICA;9;20150806;8CPX
6090715312661;MATEMATICA;9;20151220;8CPX
6090715312661;CHIMIE;3;20150917;8CPX
6090715312661;CHIMIE;9;20151103;8CPX
6090715312661;CHIMIE;8;20151102;8CPX
6090715312661;CHIMIE;6;20151111;8CPX
6090715312661;CHIMIE;5;20151204;8CPX
6090715312661;FIZICA;2;20151126;8CPX
6090715312661;FIZICA;2;20151116;8CPX
6090715312661;FIZICA;2;20150831;8CPX
6090715312661;FIZICA;6;20151031;8CPX
6090715312661;FIZICA;2;20151208;8CPX
6090903146811;ROMANA;2;20151119;8CPX
6090903146811;ROMANA;4;20151023;8CPX
6090903146811;ROMANA;2;20150807;8CPX
6090903146811;ROMANA;9;20150810;8CPX
6090903146811;ROMANA;1;20151107;8CPX
6090903146811;MATEMATICA;9;20151230;8CPX
6090903146811;MATEMATICA;1;20150903;8CPX
6090903146811;MATEMATICA;10;20151130;8CPX
6090903146811;MATEMATICA;10;20150820;8CPX
6090903146811;MATEMATICA;7;20151228;8CPX
6090903146811;CHIMIE;10;20151028;8CPX
6090903146811;CHIMIE;10;20150917;8CPX
6090903146811;CHIMIE;8;20150908;8CPX
6090903146811;CHIMIE;10;20150902;8CPX
6090903146811;CHIMIE;1;20150906;8CPX
6090903146811;FIZICA;1;20150813;8CPX
6090903146811;FIZICA;9;20151228;8CPX
6090903146811;FIZICA;2;20150906;8CPX
6090903146811;FIZICA;9;20151116;8CPX
6090903146811;FIZICA;3;20151104;8CPX
5090312519044;ROMANA;2;20151209;8CPX
5090312519044;ROMANA;5;20150803;8CPX
5090312519044;ROMANA;10;20150910;8CPX
5090312519044;ROMANA;2;20151221;8CPX
5090312519044;ROMANA;3;20150805;8CPX
5090312519044;MATEMATICA;10;20150903;8CPX
5090312519044;MATEMATICA;8;20150909;8CPX
5090312519044;MATEMATICA;9;20151117;8CPX
5090312519044;MATEMATICA;8;20151203;8CPX
5090312519044;MATEMATICA;2;20151014;8CPX
5090312519044;CHIMIE;10;20151129;8CPX
5090312519044;CHIMIE;9;20151206;8CPX
5090312519044;CHIMIE;4;20150905;8CPX
5090312519044;CHIMIE;10;20151025;8CPX
5090312519044;CHIMIE;5;20151204;8CPX
5090312519044;FIZICA;6;20150904;8CPX
5090312519044;FIZICA;2;20150907;8CPX
5090312519044;FIZICA;10;20150906;8CPX
5090312519044;FIZICA;2;20151205;8CPX
5090312519044;FIZICA;3;20151007;8CPX
1960910243289;ROMANA;4;20151228;8CPX
1960910243289;ROMANA;10;20151028;8CPX
1960910243289;ROMANA;7;20150810;8CPX
1960910243289;ROMANA;7;20151226;8CPX
1960910243289;ROMANA;2;20150801;8CPX
1960910243289;MATEMATICA;1;20151201;8CPX
1960910243289;MATEMATICA;4;20151128;8CPX
1960910243289;MATEMATICA;9;20151027;8CPX
1960910243289;MATEMATICA;6;20151026;8CPX
1960910243289;MATEMATICA;7;20150904;8CPX
1960910243289;CHIMIE;8;20150908;8CPX
1960910243289;CHIMIE;7;20151217;8CPX
1960910243289;CHIMIE;5;20151106;8CPX
1960910243289;CHIMIE;1;20150914;8CPX
1960910243289;CHIMIE;9;20151006;8CPX
1960910243289;FIZICA;3;20151216;8CPX
1960910243289;FIZICA;10;20150802;8CPX
1960910243289;FIZICA;7;20151214;8CPX
1960910243289;FIZICA;6;20151115;8CPX
1960910243289;FIZICA;6;20151107;8CPX
2880409107875;ROMANA;8;20150923;8CPX
2880409107875;ROMANA;1;20151121;8CPX
2880409107875;ROMANA;5;20151222;8CPX
2880409107875;ROMANA;10;20151020;8CPX
2880409107875;ROMANA;7;20150911;8CPX
2880409107875;MATEMATICA;10;20150807;8CPX
2880409107875;MATEMATICA;7;20151016;8CPX
2880409107875;MATEMATICA;10;20151130;8CPX
2880409107875;MATEMATICA;7;20151220;8CPX
2880409107875;MATEMATICA;2;20151029;8CPX
2880409107875;CHIMIE;7;20150925;8CPX
2880409107875;CHIMIE;6;20151012;8CPX
2880409107875;CHIMIE;7;20151128;8CPX
2880409107875;CHIMIE;3;20151125;8CPX
2880409107875;CHIMIE;8;20151010;8CPX
2880409107875;FIZICA;1;20151012;8CPX
2880409107875;FIZICA;8;20151009;8CPX
2880409107875;FIZICA;3;20151222;8CPX
2880409107875;FIZICA;5;20150907;8CPX
2880409107875;FIZICA;7;20151130;8CPX
1970727277056;ECONOMIE;5;20151211;9PLM
1970727277056;ECONOMIE;9;20151206;9PLM
1970727277056;ECONOMIE;3;20151130;9PLM
1970727277056;ECONOMIE;9;20150806;9PLM
1970727277056;ECONOMIE;6;20151218;9PLM
1970727277056;ROMANA;3;20150821;9PLM
1970727277056;ROMANA;10;20150919;9PLM
1970727277056;ROMANA;6;20151231;9PLM
1970727277056;ROMANA;6;20151216;9PLM
1970727277056;ROMANA;2;20151016;9PLM
1970727277056;BIOLOGIE;7;20150930;9PLM
1970727277056;BIOLOGIE;5;20151201;9PLM
1970727277056;BIOLOGIE;2;20150818;9PLM
1970727277056;BIOLOGIE;5;20151217;9PLM
1970727277056;BIOLOGIE;9;20151218;9PLM
1970727277056;ISTORIE;8;20150812;9PLM
1970727277056;ISTORIE;4;20151118;9PLM
1970727277056;ISTORIE;5;20151214;9PLM
1970727277056;ISTORIE;4;20151103;9PLM
1970727277056;ISTORIE;4;20150802;9PLM
5140830012621;ECONOMIE;4;20150825;9PLM
5140830012621;ECONOMIE;6;20150920;9PLM
5140830012621;ECONOMIE;8;20151219;9PLM
5140830012621;ECONOMIE;8;20151024;9PLM
5140830012621;ECONOMIE;7;20150915;9PLM
5140830012621;ROMANA;1;20150901;9PLM
5140830012621;ROMANA;6;20151028;9PLM
5140830012621;ROMANA;2;20150826;9PLM
5140830012621;ROMANA;8;20151221;9PLM
5140830012621;ROMANA;4;20150921;9PLM
5140830012621;BIOLOGIE;7;20151121;9PLM
5140830012621;BIOLOGIE;1;20150824;9PLM
5140830012621;BIOLOGIE;10;20151010;9PLM
5140830012621;BIOLOGIE;1;20150818;9PLM
5140830012621;BIOLOGIE;6;20151004;9PLM
5140830012621;ISTORIE;2;20150909;9PLM
5140830012621;ISTORIE;3;20151019;9PLM
5140830012621;ISTORIE;7;20150918;9PLM
5140830012621;ISTORIE;2;20151231;9PLM
5140830012621;ISTORIE;9;20150818;9PLM
1880211291537;ECONOMIE;4;20151130;9PLM
1880211291537;ECONOMIE;7;20151216;9PLM
1880211291537;ECONOMIE;2;20151009;9PLM
1880211291537;ECONOMIE;4;20151116;9PLM
1880211291537;ECONOMIE;2;20151109;9PLM
1880211291537;ROMANA;9;20151025;9PLM
1880211291537;ROMANA;1;20151017;9PLM
1880211291537;ROMANA;8;20150908;9PLM
1880211291537;ROMANA;7;20150816;9PLM
1880211291537;ROMANA;7;20151011;9PLM
1880211291537;BIOLOGIE;6;20150828;9PLM
1880211291537;BIOLOGIE;3;20151025;9PLM
1880211291537;BIOLOGIE;2;20150908;9PLM
1880211291537;BIOLOGIE;10;20151022;9PLM
1880211291537;BIOLOGIE;10;20151124;9PLM
1880211291537;ISTORIE;5;20151117;9PLM
1880211291537;ISTORIE;1;20150914;9PLM
1880211291537;ISTORIE;6;20151117;9PLM
1880211291537;ISTORIE;6;20150901;9PLM
1880211291537;ISTORIE;10;20151020;9PLM
5140405431287;ECONOMIE;8;20151030;9PLM
5140405431287;ECONOMIE;8;20151108;9PLM
5140405431287;ECONOMIE;10;20151202;9PLM
5140405431287;ECONOMIE;4;20151118;9PLM
5140405431287;ECONOMIE;3;20151130;9PLM
5140405431287;ROMANA;4;20151227;9PLM
5140405431287;ROMANA;4;20151130;9PLM
5140405431287;ROMANA;8;20151116;9PLM
5140405431287;ROMANA;1;20151210;9PLM
5140405431287;ROMANA;8;20150917;9PLM
5140405431287;BIOLOGIE;5;20151107;9PLM
5140405431287;BIOLOGIE;3;20151205;9PLM
5140405431287;BIOLOGIE;2;20151219;9PLM
5140405431287;BIOLOGIE;4;20150819;9PLM
5140405431287;BIOLOGIE;8;20151116;9PLM
5140405431287;ISTORIE;6;20150807;9PLM
5140405431287;ISTORIE;3;20151205;9PLM
5140405431287;ISTORIE;9;20151104;9PLM
5140405431287;ISTORIE;8;20150814;9PLM
5140405431287;ISTORIE;3;20150821;9PLM
1450907368328;ECONOMIE;8;20151031;9PLM
1450907368328;ECONOMIE;2;20151127;9PLM
1450907368328;ECONOMIE;4;20151028;9PLM
1450907368328;ECONOMIE;6;20150912;9PLM
1450907368328;ECONOMIE;9;20151026;9PLM
1450907368328;ROMANA;3;20151217;9PLM
1450907368328;ROMANA;6;20151025;9PLM
1450907368328;ROMANA;6;20151001;9PLM
1450907368328;ROMANA;4;20151105;9PLM
1450907368328;ROMANA;4;20150818;9PLM
1450907368328;BIOLOGIE;3;20150820;9PLM
1450907368328;BIOLOGIE;8;20151214;9PLM
1450907368328;BIOLOGIE;10;20151011;9PLM
1450907368328;BIOLOGIE;4;20151021;9PLM
1450907368328;BIOLOGIE;1;20150829;9PLM
1450907368328;ISTORIE;3;20150806;9PLM
1450907368328;ISTORIE;4;20151201;9PLM
1450907368328;ISTORIE;4;20150916;9PLM
1450907368328;ISTORIE;4;20150919;9PLM
1450907368328;ISTORIE;4;20151221;9PLM
6130708461628;ECONOMIE;9;20151120;9PLM
6130708461628;ECONOMIE;4;20151103;9PLM
6130708461628;ECONOMIE;2;20151011;9PLM
6130708461628;ECONOMIE;2;20150927;9PLM
6130708461628;ECONOMIE;5;20150822;9PLM
6130708461628;ROMANA;6;20150912;9PLM
6130708461628;ROMANA;10;20150929;9PLM
6130708461628;ROMANA;1;20151029;9PLM
6130708461628;ROMANA;5;20151229;9PLM
6130708461628;ROMANA;4;20151223;9PLM
6130708461628;BIOLOGIE;6;20151229;9PLM
6130708461628;BIOLOGIE;9;20151016;9PLM
6130708461628;BIOLOGIE;8;20151005;9PLM
6130708461628;BIOLOGIE;3;20150915;9PLM
6130708461628;BIOLOGIE;2;20150913;9PLM
6130708461628;ISTORIE;1;20151005;9PLM
6130708461628;ISTORIE;7;20151006;9PLM
6130708461628;ISTORIE;10;20150926;9PLM
6130708461628;ISTORIE;4;20151107;9PLM
6130708461628;ISTORIE;7;20151011;9PLM
6130202415667;ECONOMIE;3;20150810;9PLM
6130202415667;ECONOMIE;9;20150827;9PLM
6130202415667;ECONOMIE;3;20151111;9PLM
6130202415667;ECONOMIE;4;20151222;9PLM
6130202415667;ECONOMIE;8;20151109;9PLM
6130202415667;ROMANA;6;20151107;9PLM
6130202415667;ROMANA;4;20150817;9PLM
6130202415667;ROMANA;8;20150918;9PLM
6130202415667;ROMANA;4;20151015;9PLM
6130202415667;ROMANA;10;20151201;9PLM
6130202415667;BIOLOGIE;10;20151206;9PLM
6130202415667;BIOLOGIE;3;20151102;9PLM
6130202415667;BIOLOGIE;8;20151231;9PLM
6130202415667;BIOLOGIE;4;20150920;9PLM
6130202415667;BIOLOGIE;8;20150823;9PLM
6130202415667;ISTORIE;3;20151209;9PLM
6130202415667;ISTORIE;10;20150808;9PLM
6130202415667;ISTORIE;1;20151117;9PLM
6130202415667;ISTORIE;1;20151205;9PLM
6130202415667;ISTORIE;9;20151120;9PLM
1471114111683;ECONOMIE;8;20150807;9PLM
1471114111683;ECONOMIE;6;20151003;9PLM
1471114111683;ECONOMIE;6;20151209;9PLM
1471114111683;ECONOMIE;3;20151201;9PLM
1471114111683;ECONOMIE;2;20150821;9PLM
1471114111683;ROMANA;9;20150814;9PLM
1471114111683;ROMANA;1;20151023;9PLM
1471114111683;ROMANA;4;20151006;9PLM
1471114111683;ROMANA;9;20151107;9PLM
1471114111683;ROMANA;3;20150811;9PLM
1471114111683;BIOLOGIE;7;20151026;9PLM
1471114111683;BIOLOGIE;6;20150806;9PLM
1471114111683;BIOLOGIE;3;20151107;9PLM
1471114111683;BIOLOGIE;8;20150916;9PLM
1471114111683;BIOLOGIE;9;20151214;9PLM
1471114111683;ISTORIE;2;20151108;9PLM
1471114111683;ISTORIE;8;20151014;9PLM
1471114111683;ISTORIE;9;20150903;9PLM
1471114111683;ISTORIE;8;20151002;9PLM
1471114111683;ISTORIE;1;20150927;9PLM
2661106090454;ECONOMIE;2;20151215;9PLM
2661106090454;ECONOMIE;9;20151014;9PLM
2661106090454;ECONOMIE;8;20150930;9PLM
2661106090454;ECONOMIE;3;20151117;9PLM
2661106090454;ECONOMIE;1;20151115;9PLM
2661106090454;ROMANA;3;20151128;9PLM
2661106090454;ROMANA;4;20151112;9PLM
2661106090454;ROMANA;7;20150904;9PLM
2661106090454;ROMANA;9;20151205;9PLM
2661106090454;ROMANA;9;20150921;9PLM
2661106090454;BIOLOGIE;9;20150809;9PLM
2661106090454;BIOLOGIE;5;20150908;9PLM
2661106090454;BIOLOGIE;5;20151005;9PLM
2661106090454;BIOLOGIE;6;20151002;9PLM
2661106090454;BIOLOGIE;8;20150917;9PLM
2661106090454;ISTORIE;2;20150831;9PLM
2661106090454;ISTORIE;8;20150821;9PLM
2661106090454;ISTORIE;10;20150922;9PLM
2661106090454;ISTORIE;4;20151206;9PLM
2661106090454;ISTORIE;1;20150925;9PLM
1290823099156;FILOSOFIE;4;20150924;12FI
1290823099156;FILOSOFIE;1;20151213;12FI
1290823099156;FILOSOFIE;2;20150917;12FI
1290823099156;FILOSOFIE;7;20151113;12FI
1290823099156;FILOSOFIE;8;20151210;12FI
1290823099156;ENGLEZA;9;20151009;12FI
1290823099156;ENGLEZA;8;20151208;12FI
1290823099156;ENGLEZA;3;20150822;12FI
1290823099156;ENGLEZA;3;20150802;12FI
1290823099156;ENGLEZA;3;20150926;12FI
1290823099156;ROMANA;3;20151130;12FI
1290823099156;ROMANA;5;20151028;12FI
1290823099156;ROMANA;5;20151104;12FI
1290823099156;ROMANA;2;20150929;12FI
1290823099156;ROMANA;7;20150924;12FI
1290823099156;FRANCEZA;2;20150901;12FI
1290823099156;FRANCEZA;5;20150805;12FI
1290823099156;FRANCEZA;4;20151212;12FI
1290823099156;FRANCEZA;4;20151213;12FI
1290823099156;FRANCEZA;1;20151202;12FI
2690309383113;FILOSOFIE;4;20150901;12FI
2690309383113;FILOSOFIE;10;20151021;12FI
2690309383113;FILOSOFIE;2;20151025;12FI
2690309383113;FILOSOFIE;3;20151208;12FI
2690309383113;FILOSOFIE;3;20150909;12FI
2690309383113;ENGLEZA;7;20150904;12FI
2690309383113;ENGLEZA;8;20151222;12FI
2690309383113;ENGLEZA;6;20150930;12FI
2690309383113;ENGLEZA;5;20151117;12FI
2690309383113;ENGLEZA;4;20150913;12FI
2690309383113;ROMANA;4;20151031;12FI
2690309383113;ROMANA;8;20150822;12FI
2690309383113;ROMANA;5;20151123;12FI
2690309383113;ROMANA;6;20151103;12FI
2690309383113;ROMANA;2;20150818;12FI
2690309383113;FRANCEZA;10;20151222;12FI
2690309383113;FRANCEZA;9;20150826;12FI
2690309383113;FRANCEZA;7;20151025;12FI
2690309383113;FRANCEZA;2;20151112;12FI
2690309383113;FRANCEZA;10;20151116;12FI
2780428417915;FILOSOFIE;10;20151017;12FI
2780428417915;FILOSOFIE;7;20151228;12FI
2780428417915;FILOSOFIE;10;20150925;12FI
2780428417915;FILOSOFIE;4;20151018;12FI
2780428417915;FILOSOFIE;3;20151026;12FI
2780428417915;ENGLEZA;8;20151006;12FI
2780428417915;ENGLEZA;8;20150921;12FI
2780428417915;ENGLEZA;6;20151128;12FI
2780428417915;ENGLEZA;5;20150813;12FI
2780428417915;ENGLEZA;4;20151025;12FI
2780428417915;ROMANA;6;20151117;12FI
2780428417915;ROMANA;1;20151207;12FI
2780428417915;ROMANA;8;20150929;12FI
2780428417915;ROMANA;9;20150926;12FI
2780428417915;ROMANA;1;20151214;12FI
2780428417915;FRANCEZA;5;20151130;12FI
2780428417915;FRANCEZA;9;20150820;12FI
2780428417915;FRANCEZA;3;20151204;12FI
2780428417915;FRANCEZA;9;20151002;12FI
2780428417915;FRANCEZA;1;20150812;12FI
5010820369925;FILOSOFIE;7;20151122;12FI
5010820369925;FILOSOFIE;2;20150821;12FI
5010820369925;FILOSOFIE;7;20151210;12FI
5010820369925;FILOSOFIE;9;20150826;12FI
5010820369925;FILOSOFIE;7;20150818;12FI
5010820369925;ENGLEZA;1;20151106;12FI
5010820369925;ENGLEZA;6;20151228;12FI
5010820369925;ENGLEZA;1;20150808;12FI
5010820369925;ENGLEZA;5;20151012;12FI
5010820369925;ENGLEZA;1;20150819;12FI
5010820369925;ROMANA;7;20151003;12FI
5010820369925;ROMANA;3;20151017;12FI
5010820369925;ROMANA;1;20150825;12FI
5010820369925;ROMANA;8;20150813;12FI
5010820369925;ROMANA;5;20150929;12FI
5010820369925;FRANCEZA;6;20151021;12FI
5010820369925;FRANCEZA;9;20151121;12FI
5010820369925;FRANCEZA;2;20151215;12FI
5010820369925;FRANCEZA;3;20150904;12FI
5010820369925;FRANCEZA;10;20151106;12FI
5050503314865;FILOSOFIE;4;20151125;12FI
5050503314865;FILOSOFIE;7;20151205;12FI
5050503314865;FILOSOFIE;5;20150826;12FI
5050503314865;FILOSOFIE;4;20150910;12FI
5050503314865;FILOSOFIE;2;20150819;12FI
5050503314865;ENGLEZA;6;20150831;12FI
5050503314865;ENGLEZA;9;20150928;12FI
5050503314865;ENGLEZA;9;20151102;12FI
5050503314865;ENGLEZA;1;20151219;12FI
5050503314865;ENGLEZA;10;20151030;12FI
5050503314865;ROMANA;1;20151106;12FI
5050503314865;ROMANA;7;20151005;12FI
5050503314865;ROMANA;6;20150929;12FI
5050503314865;ROMANA;4;20150923;12FI
5050503314865;ROMANA;3;20151023;12FI
5050503314865;FRANCEZA;8;20150828;12FI
5050503314865;FRANCEZA;4;20151217;12FI
5050503314865;FRANCEZA;2;20150826;12FI
5050503314865;FRANCEZA;10;20150830;12FI
5050503314865;FRANCEZA;9;20151019;12FI
6060612523153;FILOSOFIE;1;20150821;12FI
6060612523153;FILOSOFIE;10;20150819;12FI
6060612523153;FILOSOFIE;8;20150817;12FI
6060612523153;FILOSOFIE;1;20151015;12FI
6060612523153;FILOSOFIE;10;20151219;12FI
6060612523153;ENGLEZA;5;20151203;12FI
6060612523153;ENGLEZA;7;20151004;12FI
6060612523153;ENGLEZA;7;20151120;12FI
6060612523153;ENGLEZA;5;20151103;12FI
6060612523153;ENGLEZA;10;20151020;12FI
6060612523153;ROMANA;7;20150909;12FI
6060612523153;ROMANA;1;20151104;12FI
6060612523153;ROMANA;3;20151018;12FI
6060612523153;ROMANA;10;20151109;12FI
6060612523153;ROMANA;5;20150915;12FI
6060612523153;FRANCEZA;1;20151212;12FI
6060612523153;FRANCEZA;8;20151110;12FI
6060612523153;FRANCEZA;6;20151013;12FI
6060612523153;FRANCEZA;5;20150814;12FI
6060612523153;FRANCEZA;7;20151220;12FI
1910205445080;FILOSOFIE;8;20151019;12FI
1910205445080;FILOSOFIE;4;20150926;12FI
1910205445080;FILOSOFIE;4;20151118;12FI
1910205445080;FILOSOFIE;2;20151123;12FI
1910205445080;FILOSOFIE;9;20150914;12FI
1910205445080;ENGLEZA;7;20150927;12FI
1910205445080;ENGLEZA;4;20150813;12FI
1910205445080;ENGLEZA;3;20151007;12FI
1910205445080;ENGLEZA;9;20151126;12FI
1910205445080;ENGLEZA;7;20151202;12FI
1910205445080;ROMANA;5;20150805;12FI
1910205445080;ROMANA;7;20150830;12FI
1910205445080;ROMANA;4;20151222;12FI
1910205445080;ROMANA;4;20150915;12FI
1910205445080;ROMANA;9;20150827;12FI
1910205445080;FRANCEZA;7;20151012;12FI
1910205445080;FRANCEZA;10;20150904;12FI
1910205445080;FRANCEZA;5;20151017;12FI
1910205445080;FRANCEZA;10;20150829;12FI
1910205445080;FRANCEZA;5;20151112;12FI
5031008034663;FILOSOFIE;1;20151018;12FI
5031008034663;FILOSOFIE;7;20150901;12FI
5031008034663;FILOSOFIE;6;20151116;12FI
5031008034663;FILOSOFIE;2;20151225;12FI
5031008034663;FILOSOFIE;5;20151024;12FI
5031008034663;ENGLEZA;6;20150914;12FI
5031008034663;ENGLEZA;6;20151218;12FI
5031008034663;ENGLEZA;2;20150930;12FI
5031008034663;ENGLEZA;3;20150929;12FI
5031008034663;ENGLEZA;3;20150905;12FI
5031008034663;ROMANA;4;20151229;12FI
5031008034663;ROMANA;4;20150826;12FI
5031008034663;ROMANA;1;20151124;12FI
5031008034663;ROMANA;9;20151103;12FI
5031008034663;ROMANA;4;20151010;12FI
5031008034663;FRANCEZA;1;20150818;12FI
5031008034663;FRANCEZA;9;20151014;12FI
5031008034663;FRANCEZA;6;20150811;12FI
5031008034663;FRANCEZA;9;20151116;12FI
5031008034663;FRANCEZA;8;20151005;12FI
1990926104031;FILOSOFIE;2;20151115;12FI
1990926104031;FILOSOFIE;8;20151102;12FI
1990926104031;FILOSOFIE;3;20150820;12FI
1990926104031;FILOSOFIE;1;20150909;12FI
1990926104031;FILOSOFIE;5;20150817;12FI
1990926104031;ENGLEZA;8;20150824;12FI
1990926104031;ENGLEZA;8;20151206;12FI
1990926104031;ENGLEZA;3;20151123;12FI
1990926104031;ENGLEZA;2;20151126;12FI
1990926104031;ENGLEZA;5;20151204;12FI
1990926104031;ROMANA;9;20150823;12FI
1990926104031;ROMANA;6;20150802;12FI
1990926104031;ROMANA;6;20150809;12FI
1990926104031;ROMANA;8;20150921;12FI
1990926104031;ROMANA;3;20151106;12FI
1990926104031;FRANCEZA;4;20151128;12FI
1990926104031;FRANCEZA;6;20150821;12FI
1990926104031;FRANCEZA;1;20151111;12FI
1990926104031;FRANCEZA;2;20150914;12FI
1990926104031;FRANCEZA;4;20151222;12FI
6020101365061;FILOSOFIE;5;20150817;12FI
6020101365061;FILOSOFIE;6;20151020;12FI
6020101365061;FILOSOFIE;9;20150909;12FI
6020101365061;FILOSOFIE;4;20150915;12FI
6020101365061;FILOSOFIE;3;20151022;12FI
6020101365061;ENGLEZA;10;20150818;12FI
6020101365061;ENGLEZA;2;20150924;12FI
6020101365061;ENGLEZA;9;20151230;12FI
6020101365061;ENGLEZA;1;20151022;12FI
6020101365061;ENGLEZA;1;20151113;12FI
6020101365061;ROMANA;3;20151119;12FI
6020101365061;ROMANA;8;20151029;12FI
6020101365061;ROMANA;6;20151214;12FI
6020101365061;ROMANA;6;20151122;12FI
6020101365061;ROMANA;1;20150802;12FI
6020101365061;FRANCEZA;4;20150809;12FI
6020101365061;FRANCEZA;6;20150918;12FI
6020101365061;FRANCEZA;8;20150819;12FI
6020101365061;FRANCEZA;1;20150814;12FI
6020101365061;FRANCEZA;4;20151202;12FI
1281214323340;FILOSOFIE;6;20151118;12FI
1281214323340;FILOSOFIE;10;20151014;12FI
1281214323340;FILOSOFIE;4;20151217;12FI
1281214323340;FILOSOFIE;10;20151026;12FI
1281214323340;FILOSOFIE;3;20151014;12FI
1281214323340;ENGLEZA;5;20151204;12FI
1281214323340;ENGLEZA;7;20150924;12FI
1281214323340;ENGLEZA;5;20151028;12FI
1281214323340;ENGLEZA;2;20151113;12FI
1281214323340;ENGLEZA;6;20150909;12FI
1281214323340;ROMANA;6;20151214;12FI
1281214323340;ROMANA;5;20150814;12FI
1281214323340;ROMANA;7;20151109;12FI
1281214323340;ROMANA;2;20150821;12FI
1281214323340;ROMANA;2;20151130;12FI
1281214323340;FRANCEZA;1;20151211;12FI
1281214323340;FRANCEZA;5;20151128;12FI
1281214323340;FRANCEZA;6;20151003;12FI
1281214323340;FRANCEZA;3;20151004;12FI
1281214323340;FRANCEZA;10;20151103;12FI
6010218400328;FILOSOFIE;3;20150806;12FI
6010218400328;FILOSOFIE;3;20151227;12FI
6010218400328;FILOSOFIE;3;20151016;12FI
6010218400328;FILOSOFIE;9;20151115;12FI
6010218400328;FILOSOFIE;6;20150915;12FI
6010218400328;ENGLEZA;2;20151117;12FI
6010218400328;ENGLEZA;7;20151108;12FI
6010218400328;ENGLEZA;7;20150805;12FI
6010218400328;ENGLEZA;1;20151223;12FI
6010218400328;ENGLEZA;2;20150906;12FI
6010218400328;ROMANA;10;20151205;12FI
6010218400328;ROMANA;4;20151129;12FI
6010218400328;ROMANA;8;20150914;12FI
6010218400328;ROMANA;5;20150810;12FI
6010218400328;ROMANA;3;20150814;12FI
6010218400328;FRANCEZA;3;20150821;12FI
6010218400328;FRANCEZA;2;20151011;12FI
6010218400328;FRANCEZA;7;20151212;12FI
6010218400328;FRANCEZA;7;20150801;12FI
6010218400328;FRANCEZA;4;20151011;12FI
5010809027658;FILOSOFIE;4;20151217;12FI
5010809027658;FILOSOFIE;5;20150919;12FI
5010809027658;FILOSOFIE;8;20151013;12FI
5010809027658;FILOSOFIE;4;20151122;12FI
5010809027658;FILOSOFIE;3;20150813;12FI
5010809027658;ENGLEZA;9;20151217;12FI
5010809027658;ENGLEZA;7;20150909;12FI
5010809027658;ENGLEZA;3;20150926;12FI
5010809027658;ENGLEZA;1;20151213;12FI
5010809027658;ENGLEZA;6;20151229;12FI
5010809027658;ROMANA;5;20151129;12FI
5010809027658;ROMANA;9;20151202;12FI
5010809027658;ROMANA;2;20151126;12FI
5010809027658;ROMANA;7;20151204;12FI
5010809027658;ROMANA;2;20151220;12FI
5010809027658;FRANCEZA;3;20151129;12FI
5010809027658;FRANCEZA;3;20150817;12FI
5010809027658;FRANCEZA;3;20151213;12FI
5010809027658;FRANCEZA;6;20151020;12FI
5010809027658;FRANCEZA;10;20151124;12FI
1890103521876;FILOSOFIE;3;20150814;12FI
1890103521876;FILOSOFIE;1;20150908;12FI
1890103521876;FILOSOFIE;9;20150830;12FI
1890103521876;FILOSOFIE;4;20151112;12FI
1890103521876;FILOSOFIE;5;20150921;12FI
1890103521876;ENGLEZA;5;20151024;12FI
1890103521876;ENGLEZA;6;20151129;12FI
1890103521876;ENGLEZA;8;20151029;12FI
1890103521876;ENGLEZA;1;20150911;12FI
1890103521876;ENGLEZA;3;20151005;12FI
1890103521876;ROMANA;2;20151114;12FI
1890103521876;ROMANA;5;20150810;12FI
1890103521876;ROMANA;8;20151224;12FI
1890103521876;ROMANA;7;20150823;12FI
1890103521876;ROMANA;7;20151206;12FI
1890103521876;FRANCEZA;4;20150826;12FI
1890103521876;FRANCEZA;2;20151111;12FI
1890103521876;FRANCEZA;4;20151001;12FI
1890103521876;FRANCEZA;5;20150815;12FI
1890103521876;FRANCEZA;3;20151219;12FI
1890424146411;FILOSOFIE;9;20150914;12FI
1890424146411;FILOSOFIE;1;20151118;12FI
1890424146411;FILOSOFIE;9;20151108;12FI
1890424146411;FILOSOFIE;5;20150922;12FI
1890424146411;FILOSOFIE;4;20150804;12FI
1890424146411;ENGLEZA;7;20150804;12FI
1890424146411;ENGLEZA;4;20150920;12FI
1890424146411;ENGLEZA;7;20150919;12FI
1890424146411;ENGLEZA;6;20151209;12FI
1890424146411;ENGLEZA;4;20150917;12FI
1890424146411;ROMANA;7;20150917;12FI
1890424146411;ROMANA;3;20151207;12FI
1890424146411;ROMANA;5;20151127;12FI
1890424146411;ROMANA;9;20151225;12FI
1890424146411;ROMANA;6;20151007;12FI
1890424146411;FRANCEZA;8;20151005;12FI
1890424146411;FRANCEZA;1;20150830;12FI
1890424146411;FRANCEZA;6;20151003;12FI
1890424146411;FRANCEZA;10;20151006;12FI
1890424146411;FRANCEZA;7;20151006;12FI
6010514155338;FILOSOFIE;4;20150810;12FI
6010514155338;FILOSOFIE;3;20150924;12FI
6010514155338;FILOSOFIE;2;20151031;12FI
6010514155338;FILOSOFIE;3;20151011;12FI
6010514155338;FILOSOFIE;2;20151001;12FI
6010514155338;ENGLEZA;10;20151220;12FI
6010514155338;ENGLEZA;5;20150811;12FI
6010514155338;ENGLEZA;8;20150826;12FI
6010514155338;ENGLEZA;5;20150913;12FI
6010514155338;ENGLEZA;3;20150822;12FI
6010514155338;ROMANA;3;20151201;12FI
6010514155338;ROMANA;10;20151230;12FI
6010514155338;ROMANA;7;20150808;12FI
6010514155338;ROMANA;9;20150808;12FI
6010514155338;ROMANA;5;20150802;12FI
6010514155338;FRANCEZA;4;20150811;12FI
6010514155338;FRANCEZA;3;20150927;12FI
6010514155338;FRANCEZA;5;20151114;12FI
6010514155338;FRANCEZA;5;20151222;12FI
6010514155338;FRANCEZA;10;20150815;12FI
5010816235631;FILOSOFIE;1;20150907;12FI
5010816235631;FILOSOFIE;9;20150818;12FI
5010816235631;FILOSOFIE;8;20151214;12FI
5010816235631;FILOSOFIE;9;20151023;12FI
5010816235631;FILOSOFIE;6;20151113;12FI
5010816235631;ENGLEZA;6;20150912;12FI
5010816235631;ENGLEZA;1;20150809;12FI
5010816235631;ENGLEZA;3;20151127;12FI
5010816235631;ENGLEZA;1;20150930;12FI
5010816235631;ENGLEZA;2;20151204;12FI
5010816235631;ROMANA;2;20151008;12FI
5010816235631;ROMANA;6;20150802;12FI
5010816235631;ROMANA;10;20151030;12FI
5010816235631;ROMANA;8;20151018;12FI
5010816235631;ROMANA;4;20151026;12FI
5010816235631;FRANCEZA;9;20150901;12FI
5010816235631;FRANCEZA;9;20151017;12FI
5010816235631;FRANCEZA;10;20151027;12FI
5010816235631;FRANCEZA;7;20151121;12FI
5010816235631;FRANCEZA;5;20150819;12FI
